{
  "mean": [
    101.74818401917021,
    94.59296404741173,
    102.31724379416376,
    98.00146824898594,
    135.04125706774346,
    144.02110022369223,
    87.78459387358443,
    132.87662914401074,
    9.704773755900815,
    6.182386366568395,
    0.04638208695851051,
    0.061823863648695396,
    0.09704773749934063,
    0.010154065122453607,
    0.008267595223260964,
    0.006629425053153455,
    4.8114384235429,
    -0.010975864861506096,
    1.6688023459442922e-05,
    0.5274543197149639,
    0.5470994412291295,
    -0.01603373248621731
  ],
  "scale": [
    38.09907480016416,
    38.93157435303993,
    37.12973833819964,
    38.788498448853424,
    29.45911947435793,
    23.400453202182742,
    19.27030041449934,
    23.944597755865573,
    6.64429723772388,
    3.591006658786189,
    0.0424254786306481,
    0.03591006658447011,
    0.06644297231298638,
    0.014754918694558939,
    0.005798510347067374,
    0.009219947646846995,
    3.741513591549925,
    0.01696979935932652,
    0.0031396517302868143,
    0.04587848641572661,
    0.0869623561437697,
    0.05981981249333731
  ],
  "sequence_length": 45,
  "features_per_frame": 22
}