{
  "mean": [
    101.50677069164873,
    94.90268108112629,
    103.19606054142962,
    99.23970706089544,
    135.49764482691774,
    143.47382702146476,
    88.24960137115929,
    133.21235153168928,
    9.648024698471627,
    6.1704173115604855,
    0.04335312317327912,
    0.06170417309794685,
    0.09648024696482609,
    0.010554336357988022,
    0.008244571963020005,
    0.0066258477420067545,
    4.8305935987361135,
    -0.010946096710748008,
    8.871426902770935e-05,
    0.5279841309765803,
    0.5438987196503333,
    -0.018372358849218895
  ],
  "scale": [
    38.66724720257665,
    39.26711230825586,
    37.255707385239624,
    38.592565475169444,
    29.344356202246445,
    23.867560253374858,
    19.288713046403167,
    23.086790438792978,
    6.748678380184992,
    3.6215925642244935,
    0.04149799936246842,
    0.03621592563672533,
    0.06748678375526201,
    0.014784869548946245,
    0.006040760953114245,
    0.009283979938914945,
    3.730995271050855,
    0.0170308706424381,
    0.003130986040887083,
    0.04752805339721235,
    0.08492920298617858,
    0.05873180147518957
  ],
  "sequence_length": 45,
  "features_per_frame": 22
}