{
  "mean": [
    117.03318322383468, 116.40629215966258, 112.8550035606841,
    108.02198135592742, 127.734442894789, 145.28670954440585, 42.6638632876325,
    145.26269697347067, 2.268239035915143, 1.7494309535581771,
    0.11231911832409784, 0.017494309527629915, 0.02268239033412243,
    0.0014310791478810278, 0.01350270716943256, 0.007120356443002065,
    6.573029196570816, -0.01008448682014283, -0.00021515078330585984,
    0.6005832855408716, 0.5045330846932623, -0.020949430504793514
  ],
  "scale": [
    37.424161892587065, 39.0005337111293, 33.25713019921801, 34.855344842709876,
    35.326216543770194, 23.395913791776827, 17.965467796777776,
    21.042414646913457, 1.783301945701827, 1.3231082249441979,
    0.07756308066187301, 0.013231082226582435, 0.017833019419698014,
    0.02678964666859164, 0.008377357226040228, 0.005516460723499234,
    5.042265321887371, 0.008637903223923226, 0.013509608376352695,
    0.08246403966324942, 0.05023119839598982, 0.05860620120590035
  ]
}
